mfcc_1_mean,mfcc_1_std,mfcc_2_mean,mfcc_2_std,mfcc_3_mean,mfcc_3_std,mfcc_4_mean,mfcc_4_std,mfcc_5_mean,mfcc_5_std,mfcc_6_mean,mfcc_6_std,mfcc_7_mean,mfcc_7_std,mfcc_8_mean,mfcc_8_std,mfcc_9_mean,mfcc_9_std,mfcc_10_mean,mfcc_10_std,mfcc_11_mean,mfcc_11_std,mfcc_12_mean,mfcc_12_std,mfcc_13_mean,mfcc_13_std,spectral_centroid_mean,spectral_bandwidth_mean,rms_mean,zcr_mean,class,file
-218.44859313964844,23.43661117553711,6.251880645751953,8.213751792907715,-13.405134201049805,7.5816969871521,20.130088806152344,6.439355850219727,8.090965270996094,5.736382007598877,29.314517974853516,4.9490461349487305,30.03653907775879,5.85782527923584,12.445441246032715,5.060857772827148,-30.58408546447754,5.866024494171143,-28.925785064697266,6.046607494354248,29.274019241333008,4.691521167755127,48.281349182128906,5.713562488555908,-15.311391830444336,5.112971782684326,3220.72969340165,2320.7779182480463,0.17422261834144592,0.17326393924013922,belt,belt_0261_cut.wav
-79.43344116210938,31.146286010742188,51.65414047241211,12.197885513305664,-41.9780158996582,7.822595119476318,-38.93098449707031,7.588648319244385,23.099590301513672,11.288047790527344,-33.04142379760742,10.961786270141602,70.48029327392578,9.62041187286377,-30.566665649414062,7.760612487792969,6.4907755851745605,7.654484272003174,36.62468719482422,7.557799816131592,-56.56640625,7.439987659454346,52.05046844482422,8.036285400390625,-39.65525817871094,8.553667068481445,4743.351282405327,3075.804378508779,0.14933034777641296,0.3842384110257475,belt,belt_074_cut.wav
-11.84898853302002,32.47188186645508,91.81951904296875,10.78326416015625,-23.20414161682129,7.176129341125488,18.945674896240234,6.636755466461182,-10.513751029968262,5.420325756072998,23.089468002319336,4.283831596374512,5.972107410430908,4.100430488586426,10.212717056274414,3.910850763320923,2.534008026123047,4.200501918792725,-0.9619433879852295,3.7437732219696045,-4.050140857696533,4.154361248016357,4.930008888244629,3.84566330909729,-0.2711296081542969,3.436680555343628,2422.6808368414477,2367.6075230690294,0.15956814587116241,0.1316143889925373,belt,belt_0263_cut.wav
-52.78044509887695,15.700681686401367,81.8805160522461,11.146048545837402,-47.58518981933594,6.172069072723389,-10.902812957763672,7.511597633361816,-25.854642868041992,4.259909152984619,9.118253707885742,3.8377041816711426,-12.263587951660156,5.284820079803467,-4.118598937988281,6.5045599937438965,-1.0418264865875244,9.0249605178833,-16.309152603149414,9.30086612701416,0.5545473694801331,7.411888122558594,-9.372529029846191,9.50086784362793,6.126140594482422,5.455350875854492,2627.3262320207014,2345.1691128298926,0.10880246013402939,0.15909378616898148,belt,belt_0159_cut.wav
-22.410457611083984,10.81761360168457,5.671077251434326,12.295380592346191,-38.404850006103516,9.317899703979492,8.941011428833008,8.602663040161133,-18.81999397277832,8.012611389160156,-2.535505771636963,7.563333034515381,-5.559769153594971,6.58555793762207,-5.536227226257324,8.316923141479492,20.793298721313477,10.027921676635742,-19.357397079467773,9.946439743041992,5.956348896026611,10.100821495056152,0.9729586243629456,8.127192497253418,-2.276236057281494,5.263783931732178,4424.102759906697,2690.63721458112,0.12864385545253754,0.36466697410300924,belt,belt_0193_cut.wav
-86.86306762695312,25.18979263305664,81.09591674804688,24.40032386779785,-19.115310668945312,18.716997146606445,-0.31313297152519226,12.142707824707031,-24.28167724609375,9.7979736328125,20.137691497802734,9.7683687210083,-19.240158081054688,10.221478462219238,33.76059341430664,8.156729698181152,-4.7137017250061035,6.6933674812316895,17.684247970581055,6.357591152191162,-2.116119623184204,7.421990871429443,12.927495002746582,6.93633508682251,-2.6128225326538086,5.795516014099121,3132.306827260789,2599.3639661034335,0.09058521687984467,0.17127821180555555,belt,belt_0244_cut.wav
-69.40760803222656,51.0179443359375,55.29952621459961,21.29177474975586,-9.21874713897705,6.6966233253479,1.0441539287567139,6.914999961853027,-6.518848896026611,5.49185037612915,-16.90468406677246,8.689931869506836,-5.41927433013916,9.192512512207031,-1.31356942653656,5.849397659301758,-8.014708518981934,4.659113883972168,5.2298688888549805,5.750280857086182,-3.166536331176758,3.906216859817505,5.584715366363525,5.535282135009766,0.4623492956161499,4.972770690917969,3651.960169641728,3022.571429177121,0.07977918535470963,0.20834087851821192,belt,belt_038_cut.wav
-64.86861419677734,14.338028907775879,-4.156618595123291,9.690292358398438,5.348437309265137,5.984419345855713,45.859771728515625,5.903334617614746,-25.06232452392578,5.984807968139648,37.48621368408203,4.585721492767334,-13.177525520324707,4.856056213378906,-12.267658233642578,4.710652828216553,18.7841796875,5.317703723907471,-18.70154571533203,4.510025978088379,11.729986190795898,5.959672451019287,9.598054885864258,4.892946243286133,-5.05584192276001,4.609067916870117,4721.786487608583,1985.452448528555,0.20625658333301544,0.4193070023148148,belt,belt_0123_cut.wav
-146.49081420898438,30.258729934692383,88.32295227050781,33.63629913330078,26.560033798217773,21.369998931884766,57.143917083740234,14.321161270141602,7.936553955078125,9.383532524108887,33.40300369262695,9.680566787719727,-3.234689235687256,11.334085464477539,20.695140838623047,12.810715675354004,-0.25543466210365295,12.066218376159668,18.300363540649414,13.540275573730469,-4.442282676696777,10.217562675476074,14.368687629699707,9.812108039855957,-3.305371046066284,8.793896675109863,2351.1177626870954,2696.9470974261067,0.15008936822414398,0.0740085177951389,belt,belt_033_cut.wav
-19.627487182617188,19.714004516601562,64.66015625,7.654465198516846,12.62265682220459,4.810403823852539,15.09758186340332,5.846170902252197,-11.221952438354492,4.65058708190918,0.6564331650733948,4.5091071128845215,-29.394115447998047,4.145806312561035,-15.99880313873291,3.9859490394592285,-18.15245246887207,4.153639316558838,-0.39929091930389404,5.0476765632629395,-10.658027648925781,3.8214046955108643,-0.25062093138694763,4.102972030639648,-2.203497886657715,4.419595241546631,3085.924512616721,2943.4518084030483,0.19437402486801147,0.12966216062317784,belt,belt_0281_cut.wav
-0.5815352201461792,9.7509183883667,59.34885787963867,8.351240158081055,-69.67807006835938,9.80628776550293,58.518280029296875,8.814530372619629,-24.791683197021484,7.336001396179199,28.656715393066406,7.801807880401611,-36.94984436035156,8.346136093139648,24.720848083496094,7.087596893310547,-21.03274917602539,7.992321968078613,11.144173622131348,7.3955278396606445,-14.778078079223633,5.83620023727417,21.578678131103516,7.017171382904053,-17.758872985839844,6.34663200378418,3235.2158355141496,2051.42334893304,0.19126580655574799,0.26319263599537035,belt,belt_020_cut.wav
-40.910743713378906,14.688100814819336,29.050048828125,8.03911018371582,0.6786611080169678,6.052286624908447,-8.674010276794434,8.752386093139648,-4.149585247039795,5.953149318695068,17.45246696472168,5.9468207359313965,-1.512603998184204,7.999108791351318,-0.375046044588089,9.574590682983398,-5.07332706451416,6.305004119873047,3.156507968902588,8.58130168914795,-6.1253743171691895,6.987578392028809,-1.6478837728500366,5.2910895347595215,-6.909814357757568,5.655696392059326,4583.013212978776,3148.264849396559,0.08925400674343109,0.3634598343460648,belt,belt_0231_cut.wav
-46.40299606323242,27.28494644165039,84.8078384399414,9.6338529586792,-32.339935302734375,6.407279014587402,-5.884528636932373,5.611323356628418,-1.769261360168457,5.128030300140381,-4.066247463226318,7.046817779541016,-14.503572463989258,7.168432712554932,-13.498570442199707,5.952530860900879,-8.747485160827637,4.689252853393555,8.388571739196777,4.454908847808838,-23.72649383544922,6.398191928863525,15.053236961364746,7.1498799324035645,-8.650561332702637,4.665269374847412,2738.641078100444,2559.153846695842,0.10783491283655167,0.1389494362674014,belt,belt_0218_cut.wav
38.77317428588867,9.49782657623291,31.11901092529297,8.407793998718262,18.23478126525879,5.923560619354248,18.07314109802246,4.674431324005127,-0.024525288492441177,5.214362621307373,15.159028053283691,5.888871192932129,-0.8958902955055237,5.558780670166016,12.49258804321289,5.1081318855285645,-4.447956562042236,4.566197395324707,7.609241485595703,4.108814716339111,-4.7294602394104,4.887750625610352,9.765739440917969,3.938767910003662,-8.481364250183105,3.8774430751800537,4552.002526232777,3122.661913022863,0.21445563435554504,0.36473026982060186,belt,belt_0228_cut.wav
-17.07839012145996,24.6385498046875,46.95259094238281,9.627836227416992,-4.748412609100342,9.895288467407227,7.709249496459961,9.554300308227539,18.763322830200195,6.115688323974609,6.752717018127441,5.8795294761657715,-6.202493190765381,6.357997894287109,8.454451560974121,4.381499767303467,-9.836400985717773,5.085524559020996,8.827730178833008,3.7552475929260254,-6.917287349700928,5.04014253616333,7.396694183349609,3.7747230529785156,3.038172721862793,5.022826194763184,3830.352977787315,3095.464453787472,0.12566883862018585,0.2426418728298611,belt,belt_0148_cut.wav
-44.36747741699219,29.46394157409668,61.347434997558594,5.840642929077148,-57.36597442626953,7.362653732299805,18.383861541748047,7.4078369140625,6.256561756134033,3.7103240489959717,19.08258819580078,5.871777057647705,-17.669424057006836,4.5893731117248535,-13.859670639038086,4.178238391876221,-2.2517716884613037,5.293605327606201,-8.305161476135254,5.052845478057861,9.899487495422363,7.948294162750244,-11.796360969543457,5.25360107421875,5.057078838348389,4.848960876464844,2850.7757957599615,2253.961156676965,0.18821045756340027,0.17591946418213458,belt,belt_0286_cut.wav
-156.96885681152344,26.66827964782715,120.38060760498047,12.354575157165527,-12.193182945251465,18.37185287475586,0.2887220084667206,8.75235366821289,28.42366600036621,8.401596069335938,26.148704528808594,7.335655212402344,-5.121344566345215,9.908227920532227,-1.7845407724380493,5.671273231506348,17.870765686035156,10.499887466430664,12.764019966125488,6.246679306030273,-16.485172271728516,11.14507007598877,19.238895416259766,7.413315773010254,-4.739955902099609,9.791269302368164,1851.5782122108842,2187.6952253133836,0.10501445084810257,0.10977737991898148,belt,belt_006_cut.wav
-31.905920028686523,13.062480926513672,36.65975570678711,15.074131965637207,71.50010681152344,6.999459266662598,18.749704360961914,13.819635391235352,1.9921462535858154,6.927732944488525,27.00558090209961,4.295473575592041,6.924849510192871,7.478580951690674,-11.840010643005371,4.426087379455566,20.790573120117188,5.768339157104492,-6.383187770843506,11.385906219482422,4.798595905303955,13.009784698486328,1.165008544921875,9.561755180358887,-2.5764620304107666,5.575946807861328,4928.965816931904,3649.5945715931707,0.21853502094745636,0.31087465639467593,belt,belt_0108_cut.wav
-51.44819259643555,64.79682922363281,58.808494567871094,14.83285140991211,-26.989477157592773,14.129450798034668,6.833698272705078,6.274809837341309,-12.85050106048584,5.196714401245117,14.265034675598145,5.641769886016846,11.254371643066406,6.909823417663574,6.170196533203125,4.535152912139893,1.3711220026016235,8.533950805664062,-4.502495288848877,5.828003406524658,6.297000408172607,6.855006694793701,-3.090444326400757,6.512042999267578,3.3574671745300293,5.54518461227417,3202.3380466956237,2721.0162280171753,0.15140388906002045,0.16115541811342593,belt,belt_0152_cut.wav
-134.1573944091797,27.264278411865234,52.419525146484375,15.676270484924316,11.62337875366211,15.491575241088867,-7.156666278839111,12.150009155273438,1.8370298147201538,10.462223052978516,-6.397800445556641,7.7913360595703125,-16.86610221862793,5.88355827331543,9.014199256896973,4.866785049438477,-4.167873382568359,4.769368648529053,8.310556411743164,5.703634738922119,1.7075986862182617,7.442622184753418,10.572532653808594,6.994921684265137,-9.049165725708008,6.031015872955322,4472.693020470132,3138.5554574553134,0.06132080405950546,0.2622205946180556,belt,belt_0179_cut.wav
32.25345993041992,9.521900177001953,66.32170104980469,4.342068672180176,3.909243583679199,3.447946071624756,7.347848415374756,4.710855007171631,-2.444932699203491,4.485045433044434,-9.510467529296875,3.2386484146118164,4.684255123138428,3.782604217529297,3.041776418685913,3.296085834503174,4.760329723358154,5.236853122711182,5.936166286468506,6.0374860763549805,-2.191340208053589,4.163074016571045,-6.800204753875732,3.928541421890259,-6.418082237243652,3.8502888679504395,3462.493092708243,3211.134926333093,0.20183135569095612,0.18556948061342593,belt,belt_025_cut.wav
-31.047388076782227,27.4348087310791,110.29887390136719,6.856213569641113,-5.676224708557129,5.707178115844727,23.539379119873047,5.135934352874756,-9.024787902832031,5.107231616973877,1.6216275691986084,6.174279689788818,39.765480041503906,6.426142692565918,-17.463483810424805,6.361367225646973,21.92066192626953,5.623722076416016,-1.9574615955352783,5.551555156707764,5.5698113441467285,5.174103736877441,2.51822829246521,6.168773651123047,-9.458532333374023,7.031623840332031,2544.2097076350055,2752.738065813211,0.21194179356098175,0.2795376090116279,belt,belt_0250_cut.wav
-3.1837124824523926,9.828642845153809,31.518264770507812,7.281424522399902,-32.58401107788086,4.824290752410889,16.287017822265625,6.461071014404297,19.174570083618164,6.650373458862305,-8.193131446838379,5.7947492599487305,4.270959377288818,3.958752155303955,14.78691577911377,9.077789306640625,-29.382461547851562,7.83125638961792,9.352592468261719,6.424312591552734,10.79784107208252,4.491244316101074,8.13894271850586,4.589767932891846,6.528644561767578,9.591900825500488,3819.0048727459193,2779.477823047913,0.16700465977191925,0.2794664171006944,belt,belt_002_cut.wav
-10.4994478225708,32.451438903808594,49.72014617919922,10.450840950012207,20.76506233215332,4.960545063018799,15.044149398803711,4.723781108856201,12.718236923217773,4.33012056350708,22.616153717041016,4.433172225952148,-1.6348806619644165,4.248775959014893,19.632789611816406,4.949560642242432,0.482938289642334,4.947573184967041,4.640561580657959,4.145783424377441,1.4600483179092407,4.655319690704346,4.239294052124023,5.003536701202393,1.558324933052063,4.305388450622559,3808.131736456637,3188.90463068591,0.17312002182006836,0.22123219076276102,belt,belt_0196_cut.wav
-109.42739868164062,14.58684253692627,41.177791595458984,11.276534080505371,-12.213850021362305,7.943264007568359,-14.74777603149414,4.900801658630371,-16.381874084472656,6.007604122161865,35.35209655761719,7.122138977050781,-24.699291229248047,7.311195373535156,19.527868270874023,6.236860752105713,4.678050994873047,7.290032863616943,-11.007800102233887,7.800507068634033,19.128244400024414,6.977416038513184,-15.977770805358887,6.388786315917969,17.094789505004883,5.678378582000732,4513.291164880542,2541.92804681277,0.10219527781009674,0.3601548936631944,belt,belt_0190_cut.wav
44.98003387451172,7.584634304046631,60.80830383300781,5.696143627166748,-5.636173248291016,6.19638729095459,-24.285036087036133,3.908198595046997,4.697852611541748,4.0117597579956055,0.20244406163692474,4.464236259460449,-9.309355735778809,3.942143678665161,-5.104125499725342,3.6904757022857666,-7.932290554046631,3.9594757556915283,4.450464725494385,3.458122730255127,-6.758911609649658,4.142147064208984,-2.365809917449951,4.428083419799805,-0.5923649668693542,3.4959945678710938,3770.735182852106,3288.4252416394743,0.22001570463180542,0.23932336877893517,belt,belt_056_cut.wav
-24.191062927246094,13.070167541503906,88.71160125732422,8.994786262512207,1.5197784900665283,8.321707725524902,37.01557540893555,6.62550163269043,-7.9616379737854,7.741844654083252,8.495829582214355,6.127004623413086,-2.0810091495513916,6.228166580200195,-4.722354412078857,4.838545799255371,-1.8336938619613647,4.565646171569824,2.6126797199249268,4.870672225952148,-14.192469596862793,4.971572399139404,-1.8586207628250122,4.546409606933594,-3.3972043991088867,4.947957992553711,2469.606085376248,2561.8890823999504,0.18087519705295563,0.12563910171332046,belt,belt_0213_cut.wav
38.056461334228516,11.195863723754883,32.07210159301758,7.438547134399414,-3.8534085750579834,5.99789571762085,19.204858779907227,6.601840972900391,6.157476902008057,4.391435146331787,6.156558036804199,4.438292503356934,-1.013481855392456,4.689670085906982,12.704198837280273,3.9158058166503906,0.698654294013977,3.9548251628875732,13.189912796020508,4.564944744110107,-0.6769046187400818,3.9321560859680176,7.891284942626953,4.909306049346924,-0.40779411792755127,4.557708740234375,4085.551692815468,3002.5692751963356,0.19612263143062592,0.28349699797453703,belt,belt_0178_cut.wav
-1.1468617916107178,55.782535552978516,58.03627014160156,12.351207733154297,-13.807418823242188,9.85716438293457,23.148334503173828,4.456827640533447,-11.663372039794922,5.660320281982422,6.6260881423950195,4.6200408935546875,-16.190725326538086,4.925232887268066,8.174016952514648,5.679167747497559,-3.637014150619507,4.164895057678223,9.787962913513184,5.080252170562744,-2.121753454208374,4.909687519073486,9.31322193145752,3.9188320636749268,-1.992071270942688,4.91068696975708,3318.2353325245654,2649.2502567544116,0.15346942842006683,0.2291942531779661,belt,belt_0171_cut.wav
24.12981414794922,26.797863006591797,64.40815734863281,5.982252597808838,-9.056096076965332,4.170638561248779,3.1023898124694824,4.463858127593994,-0.3738664388656616,4.729830265045166,-5.065798759460449,4.177110195159912,-0.9075812697410583,4.141117572784424,-7.295699119567871,4.318079471588135,-13.699187278747559,4.0441741943359375,-6.327205181121826,3.500040054321289,-16.817136764526367,3.855365514755249,0.8521989583969116,4.474080562591553,-0.23058901727199554,3.561615467071533,3320.0611357011894,3011.0465085646642,0.17779143154621124,0.18779721467391305,belt,belt_0145_cut.wav
-7.376643657684326,9.43281078338623,25.080162048339844,7.095287799835205,-21.86632537841797,5.399484634399414,9.025452613830566,5.247334957122803,-1.618837594985962,5.09303092956543,4.454687118530273,3.7142860889434814,-2.6703410148620605,3.8856801986694336,8.157976150512695,3.4597997665405273,-0.42584869265556335,3.2404839992523193,10.892345428466797,4.578861713409424,-1.2617967128753662,3.965672254562378,0.015629414469003677,3.6477043628692627,-13.902427673339844,4.948927879333496,4026.0610366449905,2849.599149619591,0.1453467458486557,0.26763011791087965,belt,belt_0149_cut.wav
-22.549633026123047,17.154455184936523,35.33268737792969,13.985311508178711,8.471334457397461,7.79510498046875,3.8492867946624756,6.656167984008789,-16.10822296142578,6.094937801361084,17.601985931396484,8.288616180419922,-14.999907493591309,6.986718654632568,-0.11685661226511002,5.628801345825195,16.03515625,6.227385997772217,-9.933817863464355,5.011472702026367,2.111776828765869,5.0578155517578125,-2.3497495651245117,5.640773773193359,-8.117584228515625,5.0247626304626465,4238.223857753722,2942.963656986976,0.14172008633613586,0.30423764829282407,belt,belt_018_cut.wav
28.060035705566406,9.73159122467041,71.79814910888672,5.345477104187012,-32.908077239990234,4.41495943069458,24.16621971130371,4.5261335372924805,-8.517355918884277,4.352664470672607,23.338232040405273,5.146584987640381,-10.557174682617188,6.6357502937316895,6.133265495300293,5.716339588165283,-13.212783813476562,3.524211883544922,11.979268074035645,4.2429070472717285,1.7588969469070435,5.288300514221191,2.4373443126678467,4.945123672485352,8.910600662231445,5.457546710968018,2866.5786871630744,2393.6394060114767,0.22129510343074799,0.18108550246519722,belt,belt_0255_cut.wav
-63.76791000366211,65.35233306884766,107.16017150878906,27.02875328063965,-45.885128021240234,19.09528160095215,7.882911205291748,9.82837200164795,-5.118167400360107,15.208332061767578,-13.13137435913086,17.03562355041504,7.926797389984131,15.39607048034668,-14.193957328796387,12.607804298400879,-8.055459022521973,9.8704252243042,15.963563919067383,13.59579849243164,-21.044050216674805,17.19310760498047,21.437450408935547,13.789567947387695,-13.539413452148438,11.61038589477539,2488.9052682679717,2305.298186031081,0.11571746319532394,0.16357651115023475,belt,belt_0271_cut.wav
-67.44783020019531,28.214750289916992,65.37908172607422,10.687331199645996,4.741319179534912,9.206396102905273,8.520366668701172,12.199623107910156,1.4112166166305542,7.504051685333252,27.6049747467041,5.830782890319824,18.419536590576172,6.580235004425049,4.145679473876953,4.57008695602417,-10.319550514221191,5.670079231262207,-11.669892311096191,8.188566207885742,-7.8416643142700195,4.042706489562988,1.3668169975280762,7.3372321128845215,-0.2756446897983551,6.8227620124816895,2832.476169992345,2899.3873939513965,0.20143663883209229,0.11171562727107558,belt,belt_0251_cut.wav
-53.643226623535156,118.21746826171875,77.60514831542969,42.5064811706543,-8.111071586608887,11.091548919677734,12.321798324584961,9.2929105758667,-1.046797275543213,10.255125999450684,13.746500015258789,6.027752876281738,-7.885961055755615,11.462634086608887,7.514881610870361,6.075277805328369,1.437913179397583,7.88096809387207,13.89460277557373,5.180295467376709,3.239853620529175,5.159175872802734,10.75772762298584,4.986188888549805,1.1210094690322876,5.065491676330566,2902.2285190072007,2560.810477557258,0.13702476024627686,0.1712730094178082,belt,belt_0274_cut.wav
28.589725494384766,6.627317428588867,40.07272720336914,4.22501277923584,-12.498162269592285,4.1982340812683105,19.819480895996094,3.575282335281372,-21.499650955200195,3.4215123653411865,13.232195854187012,3.7228457927703857,-8.79002571105957,2.8800599575042725,9.152327537536621,4.000830173492432,-1.673319935798645,3.156947135925293,6.310464382171631,3.454246997833252,0.08192268759012222,3.308272361755371,7.676577091217041,3.010822057723999,-1.367495059967041,3.3230950832366943,3761.58370957183,2653.1822142797078,0.18268385529518127,0.2821858723958333,belt,belt_035_cut.wav
-108.66249084472656,48.02229690551758,-29.607473373413086,29.82586097717285,1.2429451942443848,14.845460891723633,6.6268439292907715,9.32773494720459,-24.374277114868164,8.40152645111084,4.726756572723389,6.1648640632629395,-17.790224075317383,6.027215957641602,-2.3240976333618164,6.778997421264648,12.341930389404297,7.770466327667236,-15.843140602111816,8.078852653503418,14.670551300048828,8.233000755310059,-8.813138961791992,6.347470760345459,6.831993579864502,6.8175950050354,5590.32103966297,2589.6958369914582,0.11739642173051834,0.45430275245949076,belt,belt_039_cut.wav
-31.81131935119629,23.117380142211914,82.60252380371094,6.434313774108887,-5.112572193145752,8.694750785827637,8.686104774475098,5.406006336212158,3.752763032913208,7.096817970275879,13.29944896697998,5.27518367767334,-9.88564395904541,7.306683540344238,7.876040935516357,5.3857340812683105,8.106802940368652,5.990644931793213,9.002399444580078,5.557762622833252,1.7248972654342651,5.443493843078613,8.577018737792969,4.870367050170898,5.2020978927612305,5.2964606285095215,2686.2478661712894,2764.09817449257,0.1594359278678894,0.11424774484536082,belt,belt_0210_cut.wav
26.065885543823242,20.880308151245117,82.6844253540039,6.003964900970459,-41.94942092895508,6.498408317565918,0.4636760950088501,4.556852340698242,19.4385929107666,5.191807270050049,1.6428214311599731,4.2630181312561035,-1.7538690567016602,5.355860233306885,-2.5735669136047363,5.039066314697266,9.609274864196777,3.9146740436553955,0.4464159309864044,4.308236598968506,-4.316072940826416,4.593416690826416,5.452484607696533,3.9711287021636963,8.441228866577148,3.778329610824585,2672.868377352704,2544.066408985374,0.21276219189167023,0.16512313741721854,belt,belt_090_cut.wav
-200.26129150390625,31.188873291015625,188.21597290039062,17.04296875,-2.050420045852661,15.79080867767334,28.001344680786133,16.095491409301758,12.969346046447754,8.317766189575195,10.941778182983398,6.544855117797852,11.001587867736816,4.552384853363037,12.401758193969727,4.0407843589782715,3.46750545501709,4.719949722290039,5.818652629852295,3.962935209274292,2.475555658340454,4.439812660217285,2.5621700286865234,4.0854010581970215,1.4106799364089966,3.598515272140503,720.9388662669642,1212.4750951134693,0.1622743010520935,0.026353471734550563,brake,brake128.wav
-114.34713745117188,23.098125457763672,105.50174713134766,8.992005348205566,2.6686341762542725,4.640823841094971,45.1364860534668,5.224841117858887,6.423516273498535,4.626993656158447,32.73966598510742,4.68776273727417,-2.134073257446289,3.6903092861175537,23.871688842773438,4.193287372589111,-6.288243293762207,4.607563495635986,21.859153747558594,4.800438404083252,1.7523318529129028,4.336153030395508,11.74010181427002,4.109385967254639,5.167125701904297,4.701137542724609,1707.3680763317857,2350.77736666308,0.16971224546432495,0.04485102030757098,brake,brake187.wav
-293.0711975097656,33.38560485839844,167.02328491210938,20.157997131347656,43.16889953613281,15.400066375732422,19.57337760925293,9.919952392578125,20.043230056762695,6.989915370941162,19.742759704589844,6.260185718536377,14.61436939239502,6.5129218101501465,15.676763534545898,5.976720809936523,4.841926097869873,9.64806842803955,7.2945075035095215,6.855437278747559,-1.4379067420959473,6.598881721496582,5.5052056312561035,5.773339748382568,4.036698341369629,5.467641353607178,673.0947435793883,1449.1462288467917,0.11567205935716629,0.021792763157894735,brake,brake137.wav
-261.32269287109375,51.31578063964844,157.1392364501953,22.710453033447266,13.995499610900879,27.119962692260742,22.24999237060547,9.114618301391602,18.936614990234375,7.581659317016602,20.63692283630371,9.047308921813965,15.411121368408203,7.67626953125,14.603070259094238,5.063320636749268,15.0225830078125,5.123018264770508,12.125308990478516,6.270740985870361,5.544088840484619,8.847640991210938,-1.8787553310394287,8.012031555175781,3.920684337615967,8.149938583374023,830.3020268563391,1416.5794502764654,0.0996834859251976,0.03655421971782519,brake,brake262.wav
-240.42242431640625,37.253116607666016,139.04562377929688,15.133098602294922,29.4764347076416,8.966875076293945,21.964298248291016,6.224788665771484,19.364530563354492,5.505637168884277,16.366361618041992,7.182748317718506,-4.221749305725098,5.94734525680542,7.980824947357178,8.309011459350586,1.954243779182434,5.183814525604248,3.2231762409210205,6.233903884887695,0.41430753469467163,5.768507480621338,8.173894882202148,6.423528671264648,5.403293132781982,5.2449116706848145,1115.2947510748747,1978.3503262546567,0.08957483619451523,0.028676455782860825,brake,brake198.wav
-201.50112915039062,64.73563385009766,127.11210632324219,29.762033462524414,17.256149291992188,20.78362274169922,7.2393903732299805,12.410850524902344,7.773565769195557,11.576759338378906,13.128861427307129,9.67982292175293,1.10001802444458,6.8758955001831055,9.455052375793457,6.967998027801514,-9.602619171142578,6.999325752258301,7.492114067077637,5.820225238800049,-1.7466650009155273,4.714643478393555,5.31669282913208,5.016303539276123,0.3856002688407898,4.229022979736328,1820.7221496979591,2440.088370743526,0.0643303245306015,0.08063876673412204,brake,brake232.wav
-310.9299621582031,35.44389343261719,153.93783569335938,12.760075569152832,24.946311950683594,12.069195747375488,25.564376831054688,7.349438667297363,24.40615463256836,5.666339874267578,11.330171585083008,7.184659004211426,18.534624099731445,5.425671100616455,17.46501350402832,5.578956604003906,11.726534843444824,5.085108280181885,10.286927223205566,4.797830581665039,2.613649368286133,3.9352290630340576,1.2591688632965088,4.572961807250977,7.514710903167725,4.199597358703613,567.0986029737961,1187.5581873308595,0.06972069293260574,0.012517127076525055,brake,brake202.wav
-211.33538818359375,35.38753128051758,135.31103515625,28.458589553833008,34.195716857910156,17.977153778076172,25.9080810546875,14.12585163116455,20.689620971679688,9.533912658691406,15.106119155883789,9.935015678405762,12.96886920928955,8.41008186340332,11.383218765258789,8.250990867614746,-0.22924163937568665,8.00883674621582,6.237653732299805,7.030951499938965,-6.406162261962891,6.714499473571777,2.6522433757781982,6.55622673034668,-8.63253116607666,5.759315013885498,1226.9614217884987,1962.781333256398,0.1596609354019165,0.0413604014243462,brake,brake211.wav
-186.39382934570312,46.664939880371094,144.39442443847656,28.875019073486328,20.767478942871094,17.007104873657227,9.537046432495117,10.95487117767334,19.962141036987305,11.901174545288086,14.049546241760254,7.988863945007324,6.390968322753906,7.211421012878418,-2.138136625289917,8.996061325073242,12.684484481811523,9.298952102661133,3.2768349647521973,7.371181011199951,0.46440693736076355,8.492892265319824,13.725120544433594,8.09392261505127,-3.816741943359375,8.069465637207031,1743.5842709185465,2516.8312405978613,0.11899041384458542,0.09786859306015452,brake,brake89.wav
-186.38504028320312,38.67873764038086,126.05740356445312,19.793964385986328,2.588219404220581,13.793088912963867,14.759916305541992,10.760259628295898,-0.9773026704788208,8.740274429321289,14.206615447998047,7.056792736053467,1.5175529718399048,6.739313125610352,11.633776664733887,6.019381523132324,-2.3543529510498047,5.612884044647217,9.935186386108398,5.707388877868652,-1.4538038969039917,5.726771831512451,5.719481468200684,5.040768146514893,-2.644927978515625,5.273837089538574,1673.1560727521658,2202.3913236474414,0.06094134971499443,0.06442902053611865,brake,brake120.wav
-271.6038513183594,53.622100830078125,112.0241470336914,34.62818145751953,16.046987533569336,19.592124938964844,38.86334991455078,22.055755615234375,1.5108733177185059,12.37250804901123,14.474088668823242,9.905598640441895,7.126241683959961,12.940948486328125,2.0761890411376953,9.517680168151855,1.6834135055541992,8.278960227966309,9.569111824035645,8.184688568115234,-3.745786666870117,8.01014518737793,4.860053062438965,7.169926643371582,-1.2199205160140991,6.8091020584106445,1844.6437968803448,2305.8458092894225,0.03835594654083252,0.08240139100609756,brake,brake165.wav
-326.70880126953125,27.539531707763672,132.71664428710938,10.676946640014648,51.28135681152344,15.680486679077148,26.685028076171875,7.3131937980651855,30.35072898864746,5.815127372741699,25.327728271484375,6.310924530029297,16.60637855529785,6.105607509613037,14.115187644958496,5.8663458824157715,11.465317726135254,4.657681465148926,8.623758316040039,6.115279674530029,5.387345790863037,4.619526386260986,4.878802299499512,4.337090969085693,7.0674519538879395,5.414940357208252,428.6255284142479,1040.519419339303,0.10878162831068039,0.009656224258649093,brake,brake104.wav
-236.13555908203125,15.762070655822754,188.26002502441406,10.08059024810791,34.03250503540039,6.519354343414307,11.638486862182617,5.805060863494873,22.352535247802734,4.362353324890137,26.151086807250977,4.843249320983887,27.649629592895508,5.45720100402832,7.979549884796143,5.772543907165527,-0.4621914327144623,5.912075042724609,15.054194450378418,5.397346496582031,-0.0383867472410202,4.050255298614502,9.893136978149414,5.209261417388916,6.737550258636475,4.794774532318115,469.0245316731262,1133.5649405707468,0.21680226922035217,0.013105814435840708,brake,brake133.wav
-155.4065704345703,55.462440490722656,155.90872192382812,39.97895050048828,34.16844940185547,16.13480567932129,16.05845069885254,13.215500831604004,-2.7221410274505615,13.069679260253906,0.4699525237083435,8.47760009765625,-1.1540181636810303,6.856814384460449,1.3104435205459595,6.247830867767334,-4.364075183868408,5.449918270111084,1.2826100587844849,4.923513412475586,-5.705147743225098,4.855015277862549,-1.1997288465499878,5.09807014465332,-5.08989953994751,4.428473472595215,1251.0139663061934,1893.3056823905558,0.16092997789382935,0.049985855344742064,brake,brake194.wav
-265.2576904296875,29.478116989135742,142.32199096679688,24.40709686279297,60.783538818359375,17.132205963134766,44.078189849853516,11.227239608764648,30.54413604736328,14.06070613861084,16.03005599975586,11.941974639892578,20.458459854125977,7.514070987701416,11.19556999206543,6.99357795715332,14.56270980834961,7.012341499328613,4.2601423263549805,6.283107280731201,4.372982501983643,6.1140336990356445,6.771401405334473,6.222838878631592,-2.0123932361602783,6.428989887237549,664.9107350411748,1674.4432900604986,0.18809975683689117,0.013474174167798914,brake,brake212.wav
-223.6855926513672,18.198875427246094,188.37583923339844,5.781540393829346,14.203447341918945,7.060812473297119,8.606828689575195,4.734078407287598,15.20505142211914,4.854859828948975,19.111764907836914,3.7286293506622314,17.766714096069336,3.98756742477417,11.2590913772583,4.107218265533447,12.641385078430176,3.9640254974365234,11.259096145629883,3.9574286937713623,7.144837856292725,3.730806589126587,12.15598201751709,4.276292324066162,8.575068473815918,4.088249206542969,501.388163168671,1034.9402554555343,0.20570814609527588,0.011206958912037037,brake,brake179.wav
-369.4624938964844,51.3305778503418,125.64326477050781,17.125028610229492,60.86760711669922,16.732587814331055,36.25242233276367,8.969731330871582,24.609495162963867,8.356643676757812,20.267141342163086,6.858586311340332,10.820877075195312,7.451803684234619,15.637067794799805,6.788527965545654,6.708186149597168,5.812418460845947,7.520768642425537,5.272287368774414,6.491227149963379,6.898925304412842,10.558287620544434,6.031750679016113,8.195845603942871,5.687340259552002,643.1243024962141,1461.3422880572932,0.05918160080909729,0.01156496062992126,brake,brake107.wav
-182.21649169921875,18.022310256958008,102.78298950195312,12.80925464630127,4.049687385559082,9.559194564819336,31.50448989868164,8.547740936279297,-7.418224811553955,8.088383674621582,9.420907020568848,8.517963409423828,-3.0717978477478027,9.119367599487305,13.381730079650879,7.326816082000732,1.1045368909835815,6.226809501647949,1.4833189249038696,6.414282321929932,1.857386589050293,7.184685230255127,1.785857915878296,7.302223205566406,4.937899589538574,7.118776798248291,2452.451767974434,2512.697401866925,0.0572621189057827,0.20062137216522677,brake,brake100.wav
-301.6925354003906,40.19269943237305,164.88516235351562,24.86135482788086,28.645883560180664,16.368318557739258,25.79767417907715,11.372949600219727,27.301843643188477,12.255154609680176,16.210735321044922,7.932158946990967,8.413755416870117,6.9943647384643555,7.269963264465332,7.123486042022705,14.143647193908691,6.420020580291748,9.598550796508789,7.3122968673706055,5.048294544219971,5.420583248138428,2.6668334007263184,6.19379186630249,-1.9410206079483032,4.920401096343994,513.5509346041524,945.7237943406647,0.09637714922428131,0.014924267310329068,brake,brake124.wav
-240.93643188476562,42.08919906616211,147.9485321044922,13.272317886352539,14.13791561126709,9.558115005493164,36.69672775268555,9.157288551330566,12.105758666992188,7.69371223449707,24.224090576171875,6.272595405578613,17.303442001342773,5.188323974609375,15.317800521850586,8.60290813446045,17.850948333740234,4.640202045440674,2.0041728019714355,6.54610013961792,11.489466667175293,7.93289852142334,10.271695137023926,4.10264253616333,-4.597650527954102,9.355914115905762,719.6301657203113,1422.1774634980934,0.17614370584487915,0.02202763448234733,brake,brake220.wav
-277.9137878417969,67.15047454833984,91.23451232910156,10.718618392944336,8.738823890686035,8.979633331298828,27.092525482177734,6.390714168548584,8.126737594604492,8.112833023071289,23.92827033996582,10.344372749328613,-2.7362234592437744,9.357763290405273,22.135963439941406,9.412066459655762,-6.13602876663208,9.38218879699707,19.486204147338867,7.803650856018066,-8.762367248535156,6.652795791625977,5.095297336578369,6.174679279327393,2.358128309249878,6.256220817565918,4067.737742484172,2639.890149118054,0.13969045877456665,0.3813068446828358,brake,brake135.wav
-201.21115112304688,53.1346321105957,88.2473373413086,32.83277130126953,26.334339141845703,12.035111427307129,34.63881301879883,11.748096466064453,1.0462849140167236,8.795816421508789,37.93596267700195,9.165975570678711,-1.928847074508667,6.298827648162842,13.726847648620605,6.142730236053467,5.212582111358643,6.644470691680908,10.083124160766602,6.513355731964111,2.9549365043640137,6.832599639892578,6.716851711273193,6.064462184906006,3.8225784301757812,6.534632682800293,2173.881919575071,2508.193177718349,0.10296919196844101,0.09633490875477099,brake,brake196.wav
-234.59750366210938,12.892477035522461,136.1497344970703,20.973875045776367,27.633098602294922,9.605913162231445,34.22072219848633,7.426051616668701,11.465371131896973,6.267091274261475,31.173864364624023,5.7037835121154785,-1.0633502006530762,6.403528213500977,29.134624481201172,5.424142837524414,-4.108218669891357,5.642574787139893,19.152833938598633,5.25264310836792,-7.277520656585693,5.181008338928223,10.446925163269043,4.392994403839111,-1.4523460865020752,4.520637035369873,1300.9929883956313,2255.551101820049,0.1021142452955246,0.05386564047029703,brake,brake173.wav
-249.4030303955078,83.75514221191406,183.728515625,36.98111343383789,36.107913970947266,39.90862274169922,-9.080945014953613,18.3201904296875,19.587459564208984,14.406221389770508,16.33552360534668,11.711673736572266,1.5681740045547485,9.892788887023926,11.459555625915527,9.046967506408691,3.343378782272339,7.547694206237793,19.53498077392578,9.341927528381348,-9.988709449768066,8.401461601257324,12.95219612121582,6.854980945587158,-5.69681978225708,7.567992210388184,879.2444963519088,1625.866196922548,0.10929062962532043,0.03330834783595642,brake,brake93.wav
-166.49234008789062,59.3825798034668,23.938207626342773,25.604612350463867,2.6225051879882812,11.22336196899414,23.754404067993164,7.656414031982422,-12.243670463562012,7.794715404510498,28.715421676635742,7.102043151855469,1.6046476364135742,6.506384372711182,17.310766220092773,6.408908843994141,5.434603691101074,8.715240478515625,6.434941291809082,8.04733943939209,-8.612846374511719,8.363994598388672,7.528127670288086,5.9814252853393555,1.5630762577056885,5.537416934967041,4273.908380495052,2656.642205063229,0.05602065473794937,0.3662443693693694,brake,brake282.wav
-218.52447509765625,59.308876037597656,118.66302490234375,22.667598724365234,-1.0382583141326904,17.06745719909668,11.80269718170166,9.230056762695312,16.84395408630371,8.854508399963379,17.076622009277344,6.831545829772949,2.261101245880127,7.472631931304932,18.75942611694336,5.778685569763184,0.8104172348976135,5.095334053039551,9.299877166748047,5.01162052154541,-1.3927661180496216,5.0682244300842285,6.388004302978516,4.62835168838501,1.9912749528884888,4.917427062988281,1699.7938916841686,2292.7655181362275,0.05742951110005379,0.056069211074192465,brake,brake294.wav
-268.7352600097656,25.94478416442871,164.88128662109375,15.795101165771484,1.6617786884307861,7.481713771820068,33.68479919433594,12.18405818939209,3.6092004776000977,10.955547332763672,12.33492660522461,10.937594413757324,17.444475173950195,6.3775482177734375,0.943857729434967,5.94172477722168,-1.169923186302185,4.698795795440674,-0.1430119425058365,4.765038013458252,-8.057775497436523,5.4809722900390625,0.6559000611305237,4.441003799438477,7.998482704162598,5.034976005554199,914.6224292851198,1383.7524451730098,0.05054084584116936,0.02968626384493671,brake,brake129.wav
-220.6126708984375,22.934009552001953,135.44613647460938,12.353058815002441,33.40843963623047,5.9831767082214355,62.203277587890625,5.31509256362915,22.893680572509766,4.029747009277344,32.66533660888672,4.637908458709717,12.119434356689453,4.368771076202393,20.814001083374023,5.346461296081543,-3.443079710006714,4.447159290313721,12.34016227722168,4.23814058303833,0.5738067030906677,4.375205039978027,-1.9270834922790527,5.057830810546875,-1.0441309213638306,4.250429153442383,778.6034196871966,1601.741935664775,0.20615947246551514,0.027115276153074866,brake,brake288.wav
-236.18983459472656,56.11796951293945,133.5925750732422,27.06248664855957,-1.1649476289749146,21.38291358947754,44.23112869262695,13.536860466003418,25.122682571411133,7.772625923156738,30.807632446289062,7.642605781555176,9.074774742126465,9.84154224395752,16.8878116607666,6.952797889709473,7.825822353363037,8.899890899658203,16.79425811767578,6.96660041809082,-5.937070846557617,15.628302574157715,12.333365440368652,8.268034934997559,16.755855560302734,13.675994873046875,998.0332296806531,1555.3982645306232,0.1379309743642807,0.040807163382594415,brake,brake149.wav
-193.1881866455078,77.78288269042969,127.1519775390625,13.772354125976562,-7.848745822906494,15.685760498046875,39.05353927612305,9.149104118347168,-6.801276206970215,10.821709632873535,27.05864143371582,8.301650047302246,-1.389836311340332,7.75119161605835,23.10033416748047,6.1398515701293945,7.5865044593811035,8.857674598693848,1.542892336845398,7.485262393951416,7.749801158905029,6.697983741760254,5.0742573738098145,5.726555824279785,13.694648742675781,5.624253749847412,1348.033179908643,1873.66160021826,0.12339016050100327,0.059442934782608696,brake,brake60.wav
-166.0018768310547,20.424165725708008,157.6273193359375,19.982637405395508,-14.221362113952637,7.359825134277344,35.527000427246094,8.315953254699707,14.946569442749023,8.549443244934082,20.601579666137695,7.520370960235596,12.8284912109375,6.11836051940918,12.249878883361816,6.250072479248047,11.070497512817383,5.364669322967529,5.836177349090576,6.373837471008301,1.5685293674468994,6.182435035705566,13.199583053588867,3.7999157905578613,-2.110792398452759,4.0813188552856445,1008.4410674635609,1577.959437382442,0.15586267411708832,0.03255434389467592,brake,brake8.wav
-273.4657897949219,112.90194702148438,138.24603271484375,27.066360473632812,7.6954145431518555,29.183881759643555,26.217910766601562,14.293952941894531,13.099309921264648,10.799437522888184,20.378629684448242,10.291680335998535,5.762293815612793,7.611166000366211,14.472622871398926,8.398801803588867,4.94122314453125,5.5851922035217285,9.467442512512207,6.392502784729004,2.7777650356292725,6.944675445556641,5.876285552978516,5.716562747955322,1.5825424194335938,5.292155742645264,1142.8102927766945,1836.1559610675417,0.06456396728754044,0.03173491379310345,brake,brake182.wav
-296.51068115234375,10.360668182373047,167.13406372070312,8.142939567565918,46.92976379394531,4.9990153312683105,34.41250228881836,7.781980991363525,32.28602600097656,7.5091071128845215,34.5161247253418,5.912661552429199,22.094749450683594,4.112522125244141,15.49683952331543,4.478212356567383,17.43573570251465,5.927750587463379,7.512075901031494,7.082402229309082,10.980792999267578,5.76261568069458,3.3904941082000732,3.368046522140503,1.3055888414382935,4.65294885635376,304.9399327443855,891.1657774081209,0.2602349519729614,0.009738498263888888,brake,brake2.wav
-289.8055114746094,40.40641403198242,144.48704528808594,27.97124481201172,26.179086685180664,19.64164924621582,22.382797241210938,11.045766830444336,24.739742279052734,8.464488983154297,23.13842010498047,8.811174392700195,13.220406532287598,7.33393669128418,11.80419921875,6.095945835113525,3.2686405181884766,8.445093154907227,16.374465942382812,6.465043067932129,-5.248081684112549,6.848598003387451,12.556241035461426,5.715620517730713,-4.663186073303223,5.124149799346924,963.3086380013209,1791.091989468039,0.08178416639566422,0.023825252757352942,brake,brake258.wav
-269.528076171875,41.265933990478516,156.046875,14.082331657409668,20.688451766967773,13.092462539672852,39.03678512573242,7.773593902587891,34.36531448364258,8.851186752319336,39.79451370239258,8.947511672973633,22.50104331970215,6.966556549072266,8.906564712524414,5.446815490722656,15.77982234954834,5.061250686645508,-0.5315433144569397,8.413798332214355,7.1168212890625,4.7148637771606445,16.675079345703125,5.283568382263184,11.703107833862305,5.279984951019287,488.162550345973,1138.8573380004282,0.17966458201408386,0.015685753888248846,brake,brake13.wav
-249.7716064453125,23.480195999145508,159.24168395996094,13.668036460876465,22.277334213256836,10.653890609741211,39.3944206237793,8.758441925048828,28.065446853637695,8.685056686401367,32.842166900634766,6.684016227722168,14.466197967529297,5.349933624267578,5.8451995849609375,6.364505767822266,10.155364036560059,6.1375508308410645,12.947118759155273,6.248018741607666,-2.9359230995178223,4.5666117668151855,4.16937255859375,5.437260150909424,-4.472804069519043,5.768007278442383,617.9648761716305,1358.0019282217404,0.1487792432308197,0.014932548050331859,brake,brake102.wav
-130.49658203125,34.37919616699219,135.7863311767578,16.607646942138672,22.358102798461914,8.123708724975586,29.937381744384766,6.887439250946045,20.751697540283203,6.18912410736084,25.206180572509766,7.9096760749816895,-2.4103853702545166,6.921620845794678,31.42003059387207,8.133539199829102,-7.180788993835449,7.305819034576416,15.19846248626709,5.799805641174316,-3.1018753051757812,5.986746311187744,6.490531921386719,6.19448184967041,4.0842390060424805,8.057262420654297,1291.6167565211674,2149.9199597663355,0.2344904989004135,0.044642387415824915,brake,brake180.wav
-316.9839782714844,19.67073631286621,154.1313934326172,10.299358367919922,63.3280029296875,9.921225547790527,32.02090835571289,6.639115810394287,28.885391235351562,6.039937973022461,12.66659927368164,6.1137495040893555,6.884942054748535,4.332420349121094,13.467391967773438,4.4692206382751465,12.403647422790527,4.8363118171691895,10.240365982055664,5.108978271484375,3.070279598236084,6.149398326873779,8.979899406433105,6.282046794891357,2.607224702835083,6.319403648376465,550.7268397720887,1390.736534107939,0.14398078620433807,0.034171058829261955,brake,brake82.wav
-136.88136291503906,55.7377815246582,115.56437683105469,36.6035041809082,14.217300415039062,11.620406150817871,23.50861930847168,7.11884069442749,11.734315872192383,6.776792526245117,18.405550003051758,6.463335990905762,-7.828371047973633,6.385590076446533,16.772005081176758,7.461963653564453,-1.227510690689087,6.062619209289551,2.4523191452026367,4.931943416595459,-7.659834861755371,9.563104629516602,0.19042335450649261,5.516000747680664,-0.3657192587852478,4.12085485458374,1807.8135930553174,2284.6647265945508,0.12122944742441177,0.07349477914663462,brake,brake298.wav
-119.55260467529297,35.01530075073242,134.1105194091797,16.594924926757812,-10.911446571350098,5.960560321807861,6.507209777832031,4.541555404663086,1.8835371732711792,5.864032745361328,19.058120727539062,5.416224479675293,5.453803062438965,6.911048412322998,5.430761814117432,6.283915996551514,0.011869226582348347,4.441697120666504,-2.267927885055542,4.3111186027526855,-6.78200101852417,4.1317644119262695,1.802497386932373,5.911409378051758,-4.482322692871094,4.610560417175293,1571.7575465678237,2055.7693262413877,0.10012530535459518,0.06133840460526316,brake,brake22.wav
-259.3515930175781,65.74703979492188,149.42539978027344,25.291738510131836,4.465273380279541,18.450498580932617,20.98251724243164,12.986515998840332,4.006223678588867,10.799521446228027,25.844274520874023,8.526426315307617,-4.3722381591796875,7.620414733886719,31.091476440429688,6.452617645263672,0.5728088021278381,7.8952412605285645,13.585918426513672,5.418272495269775,-10.194053649902344,4.647233009338379,-2.982485771179199,4.820232391357422,0.9692748188972473,7.172011852264404,1206.5554363896933,1869.8555727063806,0.05922688543796539,0.03696243851273148,sway,sway_029_cut.wav
-290.6337890625,24.375133514404297,189.39334106445312,23.978248596191406,61.23213577270508,11.428489685058594,23.30082893371582,9.670031547546387,32.681068420410156,8.433164596557617,28.922107696533203,6.195038795471191,12.308114051818848,7.016406536102295,8.524267196655273,6.170205116271973,1.6783254146575928,7.068894863128662,6.006685733795166,6.938470363616943,0.12822723388671875,6.204673767089844,2.951899766921997,5.981449604034424,4.053615570068359,6.600042343139648,344.978331642911,854.1535251304343,0.21622826159000397,0.010431757036423841,sway,sway_0114_cut.wav
-175.8919677734375,70.63920593261719,75.97875213623047,36.790626525878906,51.758426666259766,17.079660415649414,19.180261611938477,12.241096496582031,4.405753135681152,9.581445693969727,25.021656036376953,9.486244201660156,13.822161674499512,7.776157379150391,15.641273498535156,8.968603134155273,6.763941287994385,8.32912826538086,11.690961837768555,6.799563884735107,8.882163047790527,6.749222755432129,3.1471588611602783,5.665029525756836,-7.5097198486328125,6.228037357330322,2625.977959917067,2983.116706660554,0.09657085686922073,0.09117974175347222,sway,sway_0288_cut.wav
-346.24493408203125,32.155269622802734,188.31295776367188,14.691396713256836,65.86649322509766,7.985203266143799,27.94645881652832,4.7198686599731445,29.008399963378906,4.098069190979004,20.767562866210938,4.254785060882568,16.88022232055664,4.880084037780762,15.532790184020996,3.343745470046997,10.455034255981445,3.082270622253418,4.6622490882873535,3.235640525817871,-3.6803743839263916,3.86246919631958,-5.855326175689697,3.769249677658081,-2.787017583847046,4.015917778015137,316.2022659520536,628.5262972824024,0.145523339509964,0.021433473093629345,sway,sway_0124_cut.wav
-255.54840087890625,46.737327575683594,188.14404296875,23.885417938232422,34.29078674316406,14.284071922302246,18.20736312866211,10.40371036529541,28.76457405090332,6.491233825683594,22.80436897277832,5.461594581604004,17.171268463134766,4.764344215393066,10.831219673156738,5.670525550842285,6.648132801055908,4.741547107696533,6.022332668304443,6.253730297088623,5.471440315246582,5.410624980926514,7.072938442230225,4.00261116027832,7.072218894958496,4.220334529876709,398.0666305340933,914.5122213031153,0.21260812878608704,0.009795148982558139,sway,sway_074_cut.wav
-188.52557373046875,30.290979385375977,169.78811645507812,26.891740798950195,-29.839033126831055,16.19172477722168,9.479007720947266,9.754410743713379,23.36847686767578,9.961362838745117,28.052717208862305,6.573958873748779,14.51614761352539,5.881609916687012,-0.9864622950553894,6.258878707885742,17.106639862060547,6.2864532470703125,7.420186996459961,6.167747974395752,0.039398688822984695,6.324605941772461,-1.588834524154663,5.610198974609375,-0.39722245931625366,5.217309474945068,1120.0755709452073,1506.2147564214913,0.10518617182970047,0.049101652922453706,sway,sway_0282_cut.wav
-208.26785278320312,10.95796012878418,167.06777954101562,6.244788646697998,6.62676477432251,5.026674270629883,51.50844955444336,4.830252170562744,28.305086135864258,3.848302125930786,29.604171752929688,3.943699359893799,16.76449203491211,3.9037153720855713,6.684901714324951,4.473689556121826,6.166332244873047,3.9386754035949707,-5.694794654846191,4.445199012756348,17.19988250732422,4.216083526611328,10.272393226623535,3.9677751064300537,4.8447957038879395,4.189420700073242,484.4317028802714,1120.660439493109,0.2999923825263977,0.00888626663773148,sway,sway_0223_cut.wav
-262.0443420410156,35.30201721191406,110.36412811279297,24.68075942993164,0.09820662438869476,12.595281600952148,32.981773376464844,15.527817726135254,2.631995677947998,8.746062278747559,21.649274826049805,6.533759117126465,7.88381290435791,6.930731296539307,12.868914604187012,5.067871570587158,7.6169538497924805,5.186271667480469,10.987316131591797,4.630160331726074,2.853466749191284,4.917413711547852,5.314729690551758,4.561610221862793,0.9951815605163574,3.737215518951416,1771.56199846736,2248.3841942026597,0.028468113392591476,0.054207686054913294,sway,sway_0152_cut.wav
-222.9339141845703,129.97964477539062,113.47428894042969,34.352535247802734,10.634567260742188,18.677541732788086,21.437175750732422,12.985586166381836,0.7729460000991821,12.572531700134277,23.598831176757812,8.933647155761719,-6.509161949157715,11.238007545471191,17.651451110839844,9.961304664611816,-6.602019309997559,9.425850868225098,3.7838549613952637,10.029523849487305,-4.611496448516846,6.634108543395996,1.0604127645492554,6.483895301818848,0.050677597522735596,6.7110724449157715,1951.6946455460452,2309.9908933795487,0.06835132837295532,0.0816497802734375,sway,sway_0226_cut.wav
-250.19741821289062,17.716962814331055,171.757568359375,9.48520278930664,13.31768798828125,6.120580673217773,30.230947494506836,6.821590900421143,35.60993194580078,5.8497233390808105,27.47162628173828,3.8074676990509033,18.83279800415039,3.911426067352295,12.55976676940918,4.296350479125977,18.9606876373291,3.9426426887512207,14.08828067779541,3.741779327392578,8.320333480834961,4.759897232055664,8.20777702331543,3.689828634262085,3.2481675148010254,3.8907113075256348,338.3759015658016,924.5168887827715,0.285752534866333,0.006149704391891892,sway,sway_0170_cut.wav
-272.0808410644531,48.186187744140625,133.01593017578125,29.543460845947266,15.738892555236816,15.135799407958984,8.534621238708496,12.83220100402832,20.079652786254883,9.050009727478027,21.91118812561035,7.896876335144043,9.382555961608887,7.6088690757751465,11.861090660095215,6.316850662231445,6.114615440368652,7.144443988800049,24.474090576171875,7.095977306365967,-17.587141036987305,8.4282865524292,19.58118438720703,7.488919734954834,-11.679559707641602,8.116715431213379,1535.9355415023206,2319.5347250111836,0.042284008115530014,0.04376857961136891,sway,sway_041_cut.wav
-94.11988067626953,38.621803283691406,150.45680236816406,12.124715805053711,-86.10458374023438,12.832049369812012,68.17154693603516,5.300615310668945,-7.243129253387451,7.030207633972168,22.716291427612305,6.107149124145508,-39.777835845947266,6.163293838500977,9.829253196716309,5.435744762420654,5.793622970581055,5.733506679534912,-5.666909217834473,7.616548538208008,6.973880290985107,4.695277214050293,-4.728278160095215,3.9004058837890625,11.166451454162598,3.734649419784546,1846.74856338567,1446.5122940717993,0.1397126466035843,0.14265498408564814,sway,sway_0279_cut.wav
-239.48617553710938,24.667293548583984,192.96640014648438,13.98726749420166,45.12858963012695,8.552421569824219,43.599517822265625,7.868598937988281,42.64318084716797,5.527659893035889,14.203851699829102,6.211820125579834,15.017572402954102,4.214467525482178,18.24149513244629,4.300908088684082,7.293693542480469,3.86490535736084,3.1358275413513184,3.8178155422210693,2.3197221755981445,3.4346909523010254,1.4921795129776,3.2803354263305664,1.700097918510437,4.382911682128906,271.49740905044985,671.1247881257631,0.4040064811706543,0.008916072073699422,sway,sway_0167_cut.wav
-293.17327880859375,13.975587844848633,209.9503631591797,11.693802833557129,49.43846893310547,5.6080193519592285,18.686073303222656,6.689839839935303,32.015987396240234,4.077028274536133,23.712636947631836,4.022813320159912,16.657670974731445,4.969785213470459,12.809147834777832,3.873730421066284,6.1001362800598145,3.3340260982513428,2.730144739151001,3.474733591079712,0.2540723979473114,4.306853771209717,3.697632312774658,3.8729069232940674,7.641647815704346,3.1404645442962646,275.88413592256995,638.3149576168456,0.20860329270362854,0.010163483796296295,sway,sway_0286_cut.wav
-320.8013610839844,9.413809776306152,184.68177795410156,7.103038311004639,64.39833068847656,4.857763767242432,27.634191513061523,4.2348432540893555,38.552001953125,4.256150722503662,34.63475036621094,3.690980911254883,23.280649185180664,4.2320027351379395,17.780466079711914,3.8884499073028564,11.53261661529541,3.8308191299438477,1.4211974143981934,3.6742091178894043,-3.542841911315918,3.9640800952911377,2.0080723762512207,3.5970122814178467,5.68193244934082,3.665076971054077,233.6813203477625,632.5319379525872,0.23880471289157867,0.009250217013888888,sway,sway_096_cut.wav
-319.45501708984375,63.729949951171875,162.23521423339844,15.474928855895996,61.69918441772461,33.027748107910156,34.237857818603516,6.01638650894165,24.59235382080078,8.063186645507812,16.718669891357422,5.921719074249268,5.142093181610107,4.744323253631592,3.6564788818359375,7.904673099517822,16.12704086303711,4.254149913787842,13.260955810546875,4.101437091827393,12.756645202636719,4.092345714569092,17.236143112182617,4.4587721824646,8.30398941040039,5.733458042144775,276.7455055009008,858.4250086970931,0.3115304410457611,0.004218207465277778,sway,sway_0183_cut.wav
-299.1139221191406,32.70558166503906,183.17808532714844,22.087783813476562,55.233131408691406,7.732656002044678,36.499755859375,9.705395698547363,34.720481872558594,7.605231761932373,30.138219833374023,7.5687103271484375,15.796852111816406,6.437023162841797,12.725441932678223,4.715900897979736,9.2627534866333,4.597207546234131,10.555939674377441,4.612431526184082,7.951852798461914,3.975841760635376,9.293824195861816,5.174785614013672,7.481370449066162,4.090172290802002,284.56177253611327,751.1513260066641,0.23941053450107574,0.008851156069364163,sway,sway_001_cut.wav
-250.95164489746094,27.353870391845703,189.70016479492188,14.591498374938965,19.455947875976562,9.935738563537598,26.114240646362305,7.644504070281982,37.51999282836914,4.873783111572266,34.23118209838867,6.416417598724365,19.343175888061523,5.012182712554932,12.264906883239746,4.592443466186523,-1.809936761856079,4.790232181549072,-0.1057436391711235,4.887876510620117,12.197359085083008,4.266690254211426,5.606202125549316,3.9730212688446045,-1.9403603076934814,4.593820571899414,408.02229640271463,982.9753127032125,0.2329760491847992,0.010597511574074073,sway,sway_050_cut.wav
-269.0096740722656,8.128499984741211,228.5521240234375,5.719477653503418,44.38336944580078,5.716011047363281,21.920053482055664,5.411305904388428,31.775646209716797,4.49159049987793,18.332120895385742,3.4330482482910156,16.757755279541016,3.3280258178710938,14.399001121520996,2.911456346511841,8.360947608947754,3.4947774410247803,2.0060994625091553,3.8191077709198,-3.9928805828094482,3.5858192443847656,-0.28515195846557617,3.4850568771362305,2.913729667663574,4.026066780090332,273.180991240827,541.9646401856679,0.26551276445388794,0.011959134615384615,sway,sway_0205_cut.wav
-260.9635925292969,76.00598907470703,106.3064956665039,41.477901458740234,20.947847366333008,23.38884735107422,47.07317352294922,13.958860397338867,-0.6926217675209045,16.9843692779541,21.79051399230957,10.890548706054688,6.037323474884033,14.00818157196045,19.51961326599121,7.992003440856934,-4.714362144470215,12.761881828308105,22.44069480895996,9.342852592468262,-2.805788278579712,7.116700172424316,17.031309127807617,7.477768421173096,-0.7217376232147217,8.487920761108398,1721.8388269193997,2210.413352043368,0.0624535009264946,0.06292272497106481,sway,sway_092_cut.wav
-86.13936614990234,58.504207611083984,102.4128189086914,12.033430099487305,-34.12186813354492,9.854399681091309,11.931620597839355,11.060314178466797,4.449719429016113,5.069803714752197,-9.939096450805664,6.958125591278076,7.6094136238098145,4.8804802894592285,16.356979370117188,6.142943382263184,2.809619665145874,5.3607964515686035,4.950525760650635,5.979575157165527,6.2356719970703125,4.898514747619629,-0.6392591595649719,4.64069938659668,-2.4135260581970215,3.403175115585327,2257.773255162121,2309.687637787963,0.1227414682507515,0.1167272808908046,sway,sway_037_cut.wav
-332.7875061035156,22.137311935424805,163.27430725097656,17.335046768188477,79.8255844116211,7.181191444396973,33.67953109741211,8.846035957336426,31.865434646606445,8.319912910461426,32.25444030761719,6.98338508605957,16.96133804321289,5.965203285217285,6.193023204803467,3.545684337615967,11.091283798217773,5.083956241607666,16.587413787841797,7.144258975982666,12.327143669128418,5.527151584625244,6.688014984130859,4.016566276550293,6.418848037719727,3.4087131023406982,181.57782928719692,514.4643398700736,0.22599689662456512,0.006926359953703704,sway,sway_0297_cut.wav
-87.33814239501953,47.988033294677734,95.85780334472656,22.522216796875,33.356109619140625,7.073257923126221,41.37897491455078,5.954165935516357,18.71067237854004,4.8683295249938965,19.26700210571289,5.120570182800293,7.996752738952637,5.3580546379089355,15.949135780334473,4.172482490539551,8.21906566619873,5.243651866912842,14.284932136535645,4.77631139755249,-3.8343966007232666,6.9409661293029785,5.1373291015625,4.99235200881958,-0.6623631119728088,3.7492566108703613,1776.4758127503371,2601.042670344243,0.27817216515541077,0.041148998119212965,sway,sway_0255_cut.wav
-230.9368438720703,58.977535247802734,154.6145782470703,11.066280364990234,25.47551727294922,20.519582748413086,35.131534576416016,8.618230819702148,10.301314353942871,6.93367338180542,29.15395736694336,7.271711349487305,11.445303916931152,6.977726459503174,23.405065536499023,4.918535232543945,8.400461196899414,4.5095014572143555,9.207829475402832,4.325765609741211,1.6339975595474243,4.837471961975098,7.638393878936768,4.893207550048828,4.181786060333252,4.61007833480835,681.9910803661036,1429.3991257419855,0.16204392910003662,0.01629412615740741,sway,sway_0253_cut.wav
-30.697338104248047,21.195072174072266,77.19573211669922,5.696005344390869,3.7654192447662354,5.708021640777588,23.64335060119629,7.0050153732299805,10.895125389099121,8.904427528381348,13.116272926330566,4.589510440826416,-2.5514659881591797,4.80288028717041,13.12936019897461,5.149109840393066,-13.142159461975098,4.6974873542785645,10.366405487060547,5.643834114074707,-3.3261682987213135,5.222811698913574,3.4176316261291504,4.301572322845459,0.0972425639629364,4.1186065673828125,2839.1534409133947,2858.295652103186,0.15111900866031647,0.13389078776041666,sway,sway_010_cut.wav
-305.630126953125,23.76975440979004,182.25462341308594,9.700143814086914,58.8520393371582,12.777400016784668,31.79811668395996,6.219804763793945,27.72740364074707,5.459301471710205,25.11601448059082,4.780735015869141,15.73208236694336,5.296634197235107,5.895577907562256,4.436978816986084,14.196004867553711,3.8668878078460693,14.992371559143066,4.896900653839111,0.7279776334762573,4.726081848144531,4.89193058013916,4.314542293548584,3.4468109607696533,4.154508590698242,294.9502096063022,823.0954842052043,0.19761495292186737,0.008551389176324503,sway,sway_0111_cut.wav
-220.02047729492188,27.815208435058594,188.9046173095703,14.35329532623291,7.509495258331299,7.542174816131592,39.617069244384766,4.717584609985352,9.994173049926758,5.434484958648682,8.203389167785645,6.493578910827637,7.2729597091674805,8.11418628692627,5.607963562011719,7.0105719566345215,14.128209114074707,5.915318965911865,2.5673086643218994,4.181107044219971,-0.9835593104362488,4.616641044616699,-4.406176567077637,6.602662563323975,-5.409127235412598,4.910117149353027,578.2398911031522,1073.6639812473861,0.16562579572200775,0.01780674223265896,sway,sway_0132_cut.wav
-382.171630859375,78.34205627441406,134.4308319091797,21.091997146606445,12.101615905761719,12.09110164642334,27.377853393554688,10.561203002929688,21.30000877380371,10.17992115020752,37.558170318603516,8.233880996704102,4.779797554016113,9.481583595275879,9.077462196350098,10.640032768249512,-5.0489349365234375,12.647771835327148,6.444701671600342,5.570647716522217,-0.8978378176689148,4.936343193054199,0.37372666597366333,6.4514288902282715,0.7476734519004822,4.590981483459473,1085.790714325448,1752.2032738499454,0.022842248901724815,0.029380904796511627,sway,sway_075_cut.wav
-287.050048828125,31.31629180908203,187.984375,14.49060344696045,50.87749099731445,10.967915534973145,32.16888427734375,5.402034759521484,31.194955825805664,5.685901641845703,17.005708694458008,7.109891891479492,18.61012840270996,4.203225612640381,15.28711986541748,4.814024448394775,5.706704139709473,3.671473503112793,11.498043060302734,4.634458541870117,3.896436929702759,6.712258338928223,3.3035831451416016,4.581590175628662,1.819329857826233,4.876869201660156,343.662538719752,956.2860782760995,0.20396138727664948,0.009975857204861112,sway,sway_019_cut.wav
-306.5267639160156,18.67594337463379,183.12977600097656,9.25054931640625,50.54128646850586,8.073953628540039,30.772762298583984,5.550831317901611,33.245967864990234,5.755991458892822,20.87271499633789,4.699819564819336,14.332679748535156,4.069033145904541,14.468528747558594,3.9070281982421875,15.326261520385742,3.528257369995117,14.123252868652344,3.6837053298950195,6.35068941116333,3.4886724948883057,5.499967098236084,3.661276340484619,5.226349830627441,3.72324800491333,287.8760516161365,881.3206930999795,0.2164091169834137,0.007132071035879629,sway,sway_0260_cut.wav
-222.5778350830078,58.327125549316406,126.46279907226562,26.335067749023438,27.88137435913086,9.125556945800781,47.41279220581055,6.300318241119385,29.202329635620117,6.792102813720703,25.761327743530273,6.693065643310547,4.402173042297363,5.682199478149414,18.284194946289062,4.8647966384887695,10.922053337097168,5.585458755493164,8.888221740722656,4.787683486938477,1.6355684995651245,4.064103126525879,3.3721868991851807,5.4295244216918945,0.1670321673154831,4.75221061706543,991.0802082972559,1836.3562214534002,0.1315310150384903,0.023636429398148147,sway,sway_009_cut.wav
-86.64189147949219,22.674802780151367,121.58555603027344,12.587278366088867,-47.357242584228516,7.226992130279541,49.66769790649414,10.438704490661621,-62.102657318115234,8.636802673339844,20.601078033447266,5.608314514160156,-39.924346923828125,6.275980472564697,-7.695858478546143,5.0270586013793945,-23.27364158630371,5.735440731048584,-0.9845332503318787,4.0876970291137695,-18.24253273010254,4.190288066864014,-15.673481941223145,4.001818656921387,-10.728208541870117,4.148931980133057,2151.821765905034,1989.2254438473697,0.11905089020729065,0.12476716218171297,sway,sway_0257_cut.wav
-348.0,35.39509963989258,132.69241333007812,16.5773868560791,68.64601135253906,11.659077644348145,37.128177642822266,9.800261497497559,22.110849380493164,4.455369472503662,19.851268768310547,5.219974994659424,17.77689552307129,7.119452476501465,19.208614349365234,5.774865627288818,15.87080192565918,4.856377601623535,13.922632217407227,4.3322672843933105,11.891883850097656,4.337907791137695,9.170734405517578,4.395779132843018,8.827035903930664,4.992901802062988,266.5772993371109,762.1396843508237,0.15495418012142181,0.005601671006944444,sway,sway_0181_cut.wav
-306.1938781738281,17.96489143371582,177.6165771484375,11.124058723449707,58.716094970703125,7.736128330230713,19.960189819335938,7.311950206756592,23.961624145507812,4.520261287689209,27.887889862060547,4.200751304626465,22.628915786743164,4.205981731414795,15.22808837890625,3.825739622116089,8.706892013549805,3.9296154975891113,5.523440837860107,4.252297401428223,6.610532283782959,3.424917221069336,8.616609573364258,3.5763742923736572,7.555925369262695,4.061191558837891,269.3808788563333,764.9188592527156,0.2393808513879776,0.007923267505787037,sway,sway_039_cut.wav
-256.4051513671875,34.71623992919922,141.36331176757812,17.659873962402344,19.564489364624023,13.005708694458008,29.797866821289062,7.199274063110352,35.61244201660156,8.689297676086426,25.98810577392578,7.129157066345215,11.233882904052734,7.211537837982178,6.990002632141113,8.510509490966797,2.8547608852386475,7.206003189086914,14.397688865661621,7.07342529296875,-0.6960526704788208,7.054227828979492,19.397397994995117,6.949175834655762,-12.493247985839844,4.016604423522949,930.8648687934469,1832.3881390482884,0.09576953947544098,0.021701388888888888,sway,sway_0186_cut.wav
-247.95643615722656,36.94541549682617,169.0576171875,33.69856643676758,19.797813415527344,16.86380958557129,34.606632232666016,13.058906555175781,21.66109848022461,14.544806480407715,14.31605339050293,12.039358139038086,-0.23456396162509918,11.334512710571289,4.487422943115234,10.733927726745605,-2.1686127185821533,9.041211128234863,5.496363162994385,6.839731693267822,-1.936078429222107,7.007937908172607,1.546770453453064,6.605072498321533,2.3896186351776123,6.123710632324219,794.302097219033,1442.2477167029124,0.09669917821884155,0.024121417115066227,sway,sway_0103_cut.wav
-305.67486572265625,86.28199768066406,133.1406707763672,36.4163703918457,47.79155349731445,12.43307876586914,27.915145874023438,11.368209838867188,19.59162712097168,6.809004783630371,13.310779571533203,5.521562576293945,18.041170120239258,8.420016288757324,16.945247650146484,6.784942150115967,6.867518901824951,6.945794582366943,6.51414680480957,4.847991466522217,1.4803054332733154,5.262755870819092,1.246375560760498,4.559665203094482,-1.7770823240280151,4.175764083862305,917.7386997229688,1506.8231996200925,0.07738830149173737,0.022765760476878612,sway,sway_0169_cut.wav
-334.3492431640625,14.786397933959961,171.23684692382812,9.79118824005127,88.89239501953125,6.388209342956543,40.48605728149414,5.734471321105957,32.634708404541016,3.736236810684204,29.159116744995117,3.444962501525879,16.259281158447266,4.403992652893066,8.418302536010742,4.494906425476074,9.996186256408691,3.5613017082214355,10.911060333251953,3.1469433307647705,7.300993919372559,3.387773275375366,4.453983306884766,3.9547648429870605,3.6891636848449707,3.3536031246185303,181.1556132512056,507.51580358265295,0.31445229053497314,0.006912796585648148,sway,sway_0185_cut.wav
-130.6822509765625,27.70220375061035,146.39230346679688,19.643266677856445,13.371966361999512,7.168032169342041,44.84329605102539,6.28193998336792,-6.545220375061035,5.701655387878418,11.441170692443848,4.689216136932373,0.05386437475681305,6.501925945281982,8.08659553527832,4.348258018493652,-9.380590438842773,4.204268932342529,6.285139083862305,4.204652786254883,-4.919494152069092,4.65029239654541,-4.610536575317383,4.915173053741455,-2.8620026111602783,4.716973781585693,1158.0648816049872,1776.4193177152674,0.18045072257518768,0.03478099681712963,sway,sway_0249_cut.wav
-213.9270477294922,37.895347595214844,147.4991455078125,10.169411659240723,18.168970108032227,8.0776948928833,49.21804428100586,5.020511150360107,1.0724893808364868,5.633273601531982,8.301749229431152,4.22072696685791,-0.2612839341163635,5.274187088012695,24.033462524414062,4.1648454666137695,11.48893928527832,7.0428290367126465,4.897797584533691,4.423020839691162,-0.5066624879837036,6.094069957733154,11.146533966064453,5.193110466003418,3.2623565196990967,4.719206809997559,879.8896692408097,1588.5957672678996,0.11881240457296371,0.020243326822916668,sway,sway_0174_cut.wav
