id,file_name,label,brand,model,year,fuel_type,body_type,risk,condition,duration,description,class,audio_dir,matched_path
218,brake218,brake_squeal,Unknown,,,Unknown,Unknown,Low,"Occurs stops when the brake pedal is applied, when braking, while driving.",8.62,Squealing or screeching noise that stops when brakes are applied and returns while driving.,brake,C:\Users\hp\Desktop\car_test\brake,
227,brake227,brake_squeal,Toyota,RAV4,2007.0,Gas,Unknown,Medium,"Occurs during light braking, at low speed.",18.62,Intermittent high-pitched squeal at low speeds (~10–20 mph) after driving for a period. Noise disappears when light brake pressure is applied.,brake,C:\Users\hp\Desktop\car_test\brake,
228,brake228,brake_squeal,Daihatsu,Cuore,2008.0,Gas,Hatchback,Medium,"Occurs stops when the brake pedal is applied, when braking, at low speed, while driving straight.",13.78,Intermittent squeaking noise from front wheel area during driving at low speeds. Noise stops when braking or steering and returns when driving straight.,brake,C:\Users\hp\Desktop\car_test\brake,
229,brake229,brake_squeal,Unknown,,,Unknown,Unknown,Medium,"Occurs stops when the brake pedal is applied, when braking, after the brakes warm up.",129.0,Squealing/scraping noise from wheel area that appears after driving a few minutes and may stop when braking or turning.,brake,C:\Users\hp\Desktop\car_test\brake,
231,brake231,brake_squeal,Unknown,,,Unknown,Unknown,Medium,Condition not specified in the report.,21.06,"Random clicking and squeaking noise from wheel area after vehicle went off-road onto gravel, with slight grinding sensation reported through brake pedal.",brake,C:\Users\hp\Desktop\car_test\brake,
269,brake269,brake_squeal,Kia,Sorento,2012.0,Gas,SUV,Medium,"At speeds 35mph+, mainly when driving straight. Noise stops when turning. Happens intermittently (minutes at a time, then disappears)",27.9,"Loud screeching noise likely related to the brake assembly: possible brake wear indicator, debris/stone trapped near the rotor, brake dust/rust buildup, or pad/rotor contact. Wheel bearing is also a possibility but less likely from the description.",brake,C:\Users\hp\Desktop\car_test\brake,
143,sway- 143,,Unknown,Unknown,Unknown,Unknown,Unknown,High,Unknown,,Bad bearing?,sway,C:\Users\hp\Desktop\car_test\sway\sway-cut,
227,sway- 227,,BMW,320d E91,2006,Gas,Unknown,High,Unknown,,BMW 320d E91 front wheel sounds,sway,C:\Users\hp\Desktop\car_test\sway\sway-cut,
240,sway- 240,,Unknown,Unknown,Unknown,Unknown,Unknown,Medium,Unknown,,Weird front end noise,sway,C:\Users\hp\Desktop\car_test\sway\sway-cut,
